id;matricule;nom_prenom;date_naissance;sexe
1;navigating;North Korean Won;2020-06-27;MASCULIN
2;connecting Fish;US Dollar wireless;2020-06-28;MASCULIN
3;Vision-oriented productize;Refined Sports Mountains;2020-06-28;FEMININ
4;Berkshire;Credit Card Account;2020-06-28;MASCULIN
5;alarm;bleeding-edge;2020-06-27;MASCULIN
6;Implementation back-end;Planner Product lime;2020-06-28;FEMININ
7;input Avon;deliverables Producer;2020-06-28;FEMININ
8;Customizable Communications Crossing;task-force;2020-06-27;FEMININ
9;synthesizing redundant Bedfordshire;withdrawal HDD Tennessee;2020-06-28;FEMININ
10;Games indigo Unbranded Fresh Gloves;tan firewall Swaziland;2020-06-27;MASCULIN
